county,lat,lon,month,ghi,dni,temp_air,median_income,county_fips,land_area_sqkm
Bee,28.4175,-97.7413,1,124.39514784946238,166.72819892473117,15.544973118279568,50283,48025,2303
Bee,28.4175,-97.7413,2,151.43979166666665,149.46388392857142,15.945684523809524,50283,48025,2303
Bee,28.4175,-97.7413,3,169.80577956989248,133.14086021505378,21.235013440860214,50283,48025,2303
Bee,28.4175,-97.7413,4,199.8180972222222,150.6927638888889,22.145736111111113,50283,48025,2303
Bee,28.4175,-97.7413,5,227.1942741935484,154.1651075268817,25.285053763440864,50283,48025,2303
Bee,28.4175,-97.7413,6,310.0967638888889,316.0410833333333,30.27698611111111,50283,48025,2303
Bee,28.4175,-97.7413,7,298.45685483870966,275.468938172043,31.857755376344084,50283,48025,2303
Bee,28.4175,-97.7413,8,288.81423387096777,311.1535215053763,32.162244623655916,50283,48025,2303
Bee,28.4175,-97.7413,9,250.64894444444442,279.49186111111106,31.17048611111111,50283,48025,2303
Bee,28.4175,-97.7413,10,162.87479838709677,162.6602688172043,23.9120564516129,50283,48025,2303
Bee,28.4175,-97.7413,11,116.91079166666667,122.25655555555555,17.29801388888889,50283,48025,2303
Bee,28.4175,-97.7413,12,131.36861559139786,181.8084946236559,15.312379032258065,50283,48025,2303
Bell,31.0382,-97.4781,1,126.68310483870967,188.78612903225806,11.346491935483872,62858,48027,2737
Bell,31.0382,-97.4781,2,152.96197916666665,181.41931547619046,11.67142857142857,62858,48027,2737
Bell,31.0382,-97.4781,3,184.0861424731183,163.50448924731182,17.58801075268817,62858,48027,2737
Bell,31.0382,-97.4781,4,208.43312500000002,179.47916666666666,19.26701388888889,62858,48027,2737
Bell,31.0382,-97.4781,5,233.14825268817202,144.5088440860215,23.457916666666666,62858,48027,2737
Bell,31.0382,-97.4781,6,282.0344166666667,250.8455277777778,30.216722222222224,62858,48027,2737
Bell,31.0382,-97.4781,7,299.07447580645163,282.3465188172043,33.077594086021506,62858,48027,2737
Bell,31.0382,-97.4781,8,293.7194489247312,310.1275268817204,34.02157258064516,62858,48027,2737
Bell,31.0382,-97.4781,9,228.94466666666668,247.4991527777778,29.7255,62858,48027,2737
Bell,31.0382,-97.4781,10,171.30103494623657,195.24081989247313,21.698104838709675,62858,48027,2737
Bell,31.0382,-97.4781,11,126.2743611111111,162.26609722222221,14.289708333333333,62858,48027,2737
Bell,31.0382,-97.4781,12,131.4249865591398,226.4958870967742,11.620833333333334,62858,48027,2737
Bexar,29.4241,-98.4936,1,135.5574059139785,201.10879032258066,12.975309139784946,67275,48029,3237
Bexar,29.4241,-98.4936,2,159.60086309523808,180.86279761904763,13.355580357142859,67275,48029,3237
Bexar,29.4241,-98.4936,3,173.51107526881722,139.41612903225808,19.331693548387097,67275,48029,3237
Bexar,29.4241,-98.4936,4,205.8738611111111,166.71230555555556,20.794666666666668,67275,48029,3237
Bexar,29.4241,-98.4936,5,222.31418010752688,140.61052419354837,23.860497311827956,67275,48029,3237
Bexar,29.4241,-98.4936,6,288.9311666666667,263.85394444444444,29.79226388888889,67275,48029,3237
Bexar,29.4241,-98.4936,7,299.45888440860216,285.0504704301075,32.34090053763441,67275,48029,3237
Bexar,29.4241,-98.4936,8,291.4134677419355,308.1521774193548,32.55569892473118,67275,48029,3237
Bexar,29.4241,-98.4936,9,241.367375,247.47144444444444,30.780958333333334,67275,48029,3237
Bexar,29.4241,-98.4936,10,159.91315860215053,159.87112903225807,22.649798387096777,67275,48029,3237
Bexar,29.4241,-98.4936,11,123.74026388888889,151.152875,15.259277777777779,67275,48029,3237
Bexar,29.4241,-98.4936,12,128.58989247311828,205.9534139784946,13.29891129032258,67275,48029,3237
Brazoria,29.1563,-95.4346,1,115.59123655913979,157.33010752688173,15.580981182795698,91972,48039,3432
Brazoria,29.1563,-95.4346,2,138.3623363095238,143.10459821428572,15.553184523809524,91972,48039,3432
Brazoria,29.1563,-95.4346,3,172.28774193548387,145.39993279569893,19.839771505376344,91972,48039,3432
Brazoria,29.1563,-95.4346,4,199.50449999999998,155.058375,21.261791666666667,91972,48039,3432
Brazoria,29.1563,-95.4346,5,228.8659139784946,154.45780913978496,25.211021505376344,91972,48039,3432
Brazoria,29.1563,-95.4346,6,295.01475,263.56924999999995,28.861152777777775,91972,48039,3432
Brazoria,29.1563,-95.4346,7,276.5091532258065,254.2605376344086,30.63779569892473,91972,48039,3432
Brazoria,29.1563,-95.4346,8,290.80756720430105,300.9930376344086,31.79045698924731,91972,48039,3432
Brazoria,29.1563,-95.4346,9,224.403875,228.14398611111113,30.27163888888889,91972,48039,3432
Brazoria,29.1563,-95.4346,10,176.28564516129032,201.3162634408602,23.650309139784948,91972,48039,3432
Brazoria,29.1563,-95.4346,11,121.98243055555557,140.84830555555556,17.692722222222223,91972,48039,3432
Brazoria,29.1563,-95.4346,12,127.78754032258064,186.89751344086022,15.258723118279569,91972,48039,3432
Brazos,30.628,-96.3344,1,117.65360215053764,172.08557795698925,12.074368279569892,57562,48041,1581
Brazos,30.628,-96.3344,2,150.75964285714286,161.01074404761906,12.712053571428571,57562,48041,1581
Brazos,30.628,-96.3344,3,170.57209677419354,142.21256720430108,17.844959677419354,57562,48041,1581
Brazos,30.628,-96.3344,4,193.4591111111111,153.80454166666667,19.059666666666665,57562,48041,1581
Brazos,30.628,-96.3344,5,229.56829301075268,147.60037634408604,23.580241935483873,57562,48041,1581
Brazos,30.628,-96.3344,6,293.6336944444445,259.36659722222225,28.800069444444443,57562,48041,1581
Brazos,30.628,-96.3344,7,299.9308064516129,280.1410215053764,32.67208333333333,57562,48041,1581
Brazos,30.628,-96.3344,8,295.8163844086022,310.0138306451613,34.16845430107527,57562,48041,1581
Brazos,30.628,-96.3344,9,231.6417361111111,232.22868055555554,30.260902777777776,57562,48041,1581
Brazos,30.628,-96.3344,10,170.49376344086022,190.44861559139784,21.98018817204301,57562,48041,1581
Brazos,30.628,-96.3344,11,118.21968055555556,140.82227777777777,15.120291666666667,57562,48041,1581
Brazos,30.628,-96.3344,12,134.12306451612903,218.6005376344086,12.324059139784946,57562,48041,1581
Brewster,29.7952,-103.2527,1,166.31540322580645,265.67887096774194,9.764126344086021,47747,48043,15934
Brewster,29.7952,-103.2527,2,198.7771130952381,267.5434226190476,10.217410714285714,47747,48043,15934
Brewster,29.7952,-103.2527,3,235.1967607526882,249.6936559139785,15.812701612903226,47747,48043,15934
Brewster,29.7952,-103.2527,4,303.9137083333333,325.40468055555556,19.58663888888889,47747,48043,15934
Brewster,29.7952,-103.2527,5,276.34830645161287,230.4911424731183,23.73725806451613,47747,48043,15934
Brewster,29.7952,-103.2527,6,323.780125,322.46504166666665,29.360222222222223,47747,48043,15934
Brewster,29.7952,-103.2527,7,327.46288978494624,351.19305107526884,30.650322580645163,47747,48043,15934
Brewster,29.7952,-103.2527,8,291.80197580645165,307.09733870967744,29.910551075268817,47747,48043,15934
Brewster,29.7952,-103.2527,9,266.64984722222226,317.3111666666667,26.56401388888889,47747,48043,15934
Brewster,29.7952,-103.2527,10,201.9050806451613,250.30966397849465,20.201263440860213,47747,48043,15934
Brewster,29.7952,-103.2527,11,145.4037361111111,195.54143055555554,13.180916666666667,47747,48043,15934
Brewster,29.7952,-103.2527,12,159.92499999999998,275.5842204301075,9.979543010752687,47747,48043,15934
Calhoun,28.4388,-96.6102,1,122.6669758064516,152.1881317204301,15.823440860215053,62267,48057,1368
Calhoun,28.4388,-96.6102,2,151.84934523809522,148.99571428571429,15.939345238095237,62267,48057,1368
Calhoun,28.4388,-96.6102,3,173.5157123655914,141.13334677419357,20.787849462365593,62267,48057,1368
Calhoun,28.4388,-96.6102,4,211.09884722222225,172.45668055555555,22.01901388888889,62267,48057,1368
Calhoun,28.4388,-96.6102,5,235.23586021505378,162.87065860215054,25.605833333333337,62267,48057,1368
Calhoun,28.4388,-96.6102,6,301.5916111111111,281.474875,29.476166666666668,62267,48057,1368
Calhoun,28.4388,-96.6102,7,297.7840591397849,269.86321236559144,30.855685483870968,62267,48057,1368
Calhoun,28.4388,-96.6102,8,286.72642473118276,298.39255376344084,31.67454301075269,62267,48057,1368
Calhoun,28.4388,-96.6102,9,248.29934722222222,274.58958333333334,30.838319444444444,62267,48057,1368
Calhoun,28.4388,-96.6102,10,170.18654569892473,175.6212365591398,24.121666666666666,62267,48057,1368
Calhoun,28.4388,-96.6102,11,111.21844444444444,104.32905555555556,17.718013888888887,62267,48057,1368
Calhoun,28.4388,-96.6102,12,127.98309139784946,154.80442204301076,15.733991935483871,62267,48057,1368
Cameron,26.1544,-97.5286,1,138.397123655914,177.28794354838712,19.85375,47435,48061,2368
Cameron,26.1544,-97.5286,2,168.43715773809524,178.5629017857143,19.00876488095238,47435,48061,2368
Cameron,26.1544,-97.5286,3,176.32830645161292,149.36532258064517,23.17407258064516,47435,48061,2368
Cameron,26.1544,-97.5286,4,196.622875,148.07015277777776,24.22697222222222,47435,48061,2368
Cameron,26.1544,-97.5286,5,233.85451612903228,164.9959677419355,26.936935483870972,47435,48061,2368
Cameron,26.1544,-97.5286,6,300.0986388888889,290.2162916666667,30.469680555555552,47435,48061,2368
Cameron,26.1544,-97.5286,7,285.0607258064516,244.41254032258064,30.77704301075269,47435,48061,2368
Cameron,26.1544,-97.5286,8,270.6572446236559,242.65872311827957,31.078131720430108,47435,48061,2368
Cameron,26.1544,-97.5286,9,254.43372222222223,283.3563888888889,31.284041666666663,47435,48061,2368
Cameron,26.1544,-97.5286,10,176.51366935483873,197.43897849462365,26.54584677419355,47435,48061,2368
Cameron,26.1544,-97.5286,11,118.86481944444444,133.91319444444446,20.26222222222222,47435,48061,2368
Cameron,26.1544,-97.5286,12,124.64442204301075,145.1076612903226,18.762836021505375,47435,48061,2368
Collin,33.1962,-96.5785,1,113.44135752688172,177.74860215053764,9.04603494623656,113255,48085,2182
Collin,33.1962,-96.5785,2,137.27886904761903,167.42123511904762,9.424895833333332,113255,48085,2182
Collin,33.1962,-96.5785,3,183.670188172043,193.27604838709678,14.49893817204301,113255,48085,2182
Collin,33.1962,-96.5785,4,221.93741666666668,195.21086111111111,17.364208333333334,113255,48085,2182
Collin,33.1962,-96.5785,5,241.10767473118278,157.03404569892473,23.164583333333333,113255,48085,2182
Collin,33.1962,-96.5785,6,269.6489305555556,233.4941527777778,29.112,113255,48085,2182
Collin,33.1962,-96.5785,7,279.4812768817204,261.8545698924731,32.636008064516126,113255,48085,2182
Collin,33.1962,-96.5785,8,285.6975268817204,303.76754032258066,34.90827956989247,113255,48085,2182
Collin,33.1962,-96.5785,9,213.833375,220.7569722222222,29.205055555555553,113255,48085,2182
Collin,33.1962,-96.5785,10,164.87975806451612,206.53837365591397,20.43045698924731,113255,48085,2182
Collin,33.1962,-96.5785,11,135.17138888888888,215.46509722222223,12.913902777777778,113255,48085,2182
Collin,33.1962,-96.5785,12,116.1700940860215,205.8557123655914,9.441451612903226,113255,48085,2182
Comal,29.8085,-98.2659,1,135.5574059139785,201.10879032258066,11.843588709677418,93744,48091,1445
Comal,29.8085,-98.2659,2,159.60086309523808,180.86279761904763,12.170238095238094,93744,48091,1445
Comal,29.8085,-98.2659,3,173.51107526881722,139.41612903225808,18.31432795698925,93744,48091,1445
Comal,29.8085,-98.2659,4,205.8738611111111,166.71230555555556,19.492819444444443,93744,48091,1445
Comal,29.8085,-98.2659,5,222.31418010752688,140.61052419354837,23.210013440860216,93744,48091,1445
Comal,29.8085,-98.2659,6,288.9311666666667,263.85394444444444,29.268652777777778,93744,48091,1445
Comal,29.8085,-98.2659,7,299.45888440860216,285.0504704301075,32.29829301075269,93744,48091,1445
Comal,29.8085,-98.2659,8,291.4134677419355,308.1521774193548,32.89575268817204,93744,48091,1445
Comal,29.8085,-98.2659,9,241.367375,247.47144444444444,30.21079166666667,93744,48091,1445
Comal,29.8085,-98.2659,10,159.91315860215053,159.87112903225807,22.04561827956989,93744,48091,1445
Comal,29.8085,-98.2659,11,123.74026388888889,151.152875,14.636,93744,48091,1445
Comal,29.8085,-98.2659,12,128.58989247311828,205.9534139784946,12.479704301075268,93744,48091,1445
Coryell,31.3927,-97.7914,1,126.68310483870967,188.78612903225806,10.805443548387096,63281,48099,2728
Coryell,31.3927,-97.7914,2,152.96197916666665,181.41931547619046,10.983660714285715,63281,48099,2728
Coryell,31.3927,-97.7914,3,184.0861424731183,163.50448924731182,16.86241935483871,63281,48099,2728
Coryell,31.3927,-97.7914,4,208.43312500000002,179.47916666666666,19.086805555555557,63281,48099,2728
Coryell,31.3927,-97.7914,5,233.14825268817202,144.5088440860215,23.15192204301075,63281,48099,2728
Coryell,31.3927,-97.7914,6,282.0344166666667,250.8455277777778,30.273902777777778,63281,48099,2728
Coryell,31.3927,-97.7914,7,299.07447580645163,282.3465188172043,33.209986559139786,63281,48099,2728
Coryell,31.3927,-97.7914,8,293.7194489247312,310.1275268817204,34.190309139784944,63281,48099,2728
Coryell,31.3927,-97.7914,9,228.94466666666668,247.4991527777778,29.30551388888889,63281,48099,2728
Coryell,31.3927,-97.7914,10,171.30103494623657,195.24081989247313,21.290201612903225,63281,48099,2728
Coryell,31.3927,-97.7914,11,126.2743611111111,162.26609722222221,13.90177777777778,63281,48099,2728
Coryell,31.3927,-97.7914,12,131.4249865591398,226.4958870967742,11.04505376344086,63281,48099,2728
Dallas,32.7767,-96.797,1,116.26198924731183,174.95034946236558,9.04603494623656,70732,48113,2264
Dallas,32.7767,-96.797,2,142.24434523809524,166.98251488095238,9.424895833333332,70732,48113,2264
Dallas,32.7767,-96.797,3,178.59602150537634,174.09155913978495,14.49893817204301,70732,48113,2264
Dallas,32.7767,-96.797,4,208.8973333333333,181.33143055555556,17.364208333333334,70732,48113,2264
Dallas,32.7767,-96.797,5,242.81266129032258,158.44346774193548,23.164583333333333,70732,48113,2264
Dallas,32.7767,-96.797,6,272.50152777777777,234.20840277777776,29.112,70732,48113,2264
Dallas,32.7767,-96.797,7,285.7729032258065,261.5002284946237,32.636008064516126,70732,48113,2264
Dallas,32.7767,-96.797,8,291.1683602150538,308.5066935483871,34.90827956989247,70732,48113,2264
Dallas,32.7767,-96.797,9,223.02591666666666,234.61543055555555,29.205055555555553,70732,48113,2264
Dallas,32.7767,-96.797,10,166.38774193548386,197.362688172043,20.43045698924731,70732,48113,2264
Dallas,32.7767,-96.797,11,128.06479166666665,184.06165277777777,12.913902777777778,70732,48113,2264
Dallas,32.7767,-96.797,12,122.39262096774193,206.8862365591398,9.441451612903226,70732,48113,2264
Denton,33.2148,-97.1331,1,120.99737903225807,187.5890053763441,9.04603494623656,104180,48121,2473
Denton,33.2148,-97.1331,2,144.5418005952381,185.23629464285713,9.424895833333332,104180,48121,2473
Denton,33.2148,-97.1331,3,187.91782258064515,194.64494623655912,14.49893817204301,104180,48121,2473
Denton,33.2148,-97.1331,4,231.90331944444446,209.86751388888888,17.364208333333334,104180,48121,2473
Denton,33.2148,-97.1331,5,244.83770161290323,167.88701612903225,23.164583333333333,104180,48121,2473
Denton,33.2148,-97.1331,6,276.9186666666667,241.11931944444444,29.112,104180,48121,2473
Denton,33.2148,-97.1331,7,287.7219623655914,279.8569758064516,32.636008064516126,104180,48121,2473
Denton,33.2148,-97.1331,8,281.3988575268817,290.16682795698927,34.90827956989247,104180,48121,2473
Denton,33.2148,-97.1331,9,218.07316666666665,232.4693888888889,29.205055555555553,104180,48121,2473
Denton,33.2148,-97.1331,10,170.25022849462366,221.05004032258066,20.43045698924731,104180,48121,2473
Denton,33.2148,-97.1331,11,136.720875,220.37581944444443,12.913902777777778,104180,48121,2473
Denton,33.2148,-97.1331,12,117.45587365591398,204.39994623655915,9.441451612903226,104180,48121,2473
Dimmit,28.4197,-99.7546,1,143.2484811827957,213.10373655913978,15.414905913978496,27374,48127,5422
Dimmit,28.4197,-99.7546,2,172.55105654761905,191.15581845238097,16.456175595238093,27374,48127,5422
Dimmit,28.4197,-99.7546,3,187.09473118279573,166.0386559139785,21.804327956989248,27374,48127,5422
Dimmit,28.4197,-99.7546,4,206.8524027777778,151.80631944444445,24.01181944444444,27374,48127,5422
Dimmit,28.4197,-99.7546,5,234.56043010752688,157.50541666666666,26.214731182795695,27374,48127,5422
Dimmit,28.4197,-99.7546,6,310.84218055555556,310.5369583333333,32.32033333333333,27374,48127,5422
Dimmit,28.4197,-99.7546,7,303.2742607526882,294.42922043010753,33.896948924731184,27374,48127,5422
Dimmit,28.4197,-99.7546,8,292.8199865591398,325.7925537634409,33.69736559139785,27374,48127,5422
Dimmit,28.4197,-99.7546,9,262.65334722222224,311.4968888888889,32.236513888888894,27374,48127,5422
Dimmit,28.4197,-99.7546,10,154.57895161290324,139.91344086021508,24.391182795698924,27374,48127,5422
Dimmit,28.4197,-99.7546,11,124.9755,145.99293055555557,17.082569444444445,27374,48127,5422
Dimmit,28.4197,-99.7546,12,127.12752688172044,178.69913978494625,14.701653225806453,27374,48127,5422
Duval,27.6816,-98.5259,1,138.05423387096775,196.66275537634408,16.120120967741936,50697,48131,4702
Duval,27.6816,-98.5259,2,172.2291369047619,185.24864583333334,17.175252976190478,50697,48131,4702
Duval,27.6816,-98.5259,3,187.9117741935484,167.20747311827958,22.42846774193548,50697,48131,4702
Duval,27.6816,-98.5259,4,200.05191666666667,152.75758333333334,23.241125,50697,48131,4702
Duval,27.6816,-98.5259,5,234.45799731182797,163.1765053763441,26.345040322580644,50697,48131,4702
Duval,27.6816,-98.5259,6,315.37925,328.6034305555556,31.98973611111111,50697,48131,4702
Duval,27.6816,-98.5259,7,299.78514784946236,290.85012096774193,32.30537634408602,50697,48131,4702
Duval,27.6816,-98.5259,8,291.90830645161293,316.8482392473118,32.14317204301075,50697,48131,4702
Duval,27.6816,-98.5259,9,264.0008888888889,310.76993055555556,30.285416666666666,50697,48131,4702
Duval,27.6816,-98.5259,10,163.49130376344087,164.04422043010752,24.227513440860214,50697,48131,4702
Duval,27.6816,-98.5259,11,121.69988888888889,129.54722222222222,17.628138888888888,50697,48131,4702
Duval,27.6816,-98.5259,12,127.30462365591397,161.6844623655914,15.743077956989248,50697,48131,4702
Ector,31.8457,-102.3676,1,147.0207392473118,223.13381720430107,7.77513440860215,70566,48135,2328
Ector,31.8457,-102.3676,2,183.8092113095238,251.611875,8.37376488095238,70566,48135,2328
Ector,31.8457,-102.3676,3,234.18251344086022,243.84774193548387,14.23704301075269,70566,48135,2328
Ector,31.8457,-102.3676,4,294.0840138888889,329.4907638888889,18.230611111111113,70566,48135,2328
Ector,31.8457,-102.3676,5,284.92719086021503,242.0063440860215,23.720954301075267,70566,48135,2328
Ector,31.8457,-102.3676,6,320.277375,306.7451527777778,29.630513888888892,70566,48135,2328
Ector,31.8457,-102.3676,7,325.51524193548386,340.5906720430107,31.815618279569893,70566,48135,2328
Ector,31.8457,-102.3676,8,290.43075268817205,303.1683198924731,31.802728494623654,70566,48135,2328
Ector,31.8457,-102.3676,9,249.62275,290.85165277777776,28.04820833333333,70566,48135,2328
Ector,31.8457,-102.3676,10,199.50790322580644,262.22626344086024,19.732150537634407,70566,48135,2328
Ector,31.8457,-102.3676,11,140.73731944444444,209.47620833333332,12.084,70566,48135,2328
Ector,31.8457,-102.3676,12,145.05881720430108,266.4617607526882,8.808736559139785,70566,48135,2328
El Paso,31.7619,-106.485,1,149.63275537634408,247.72516129032257,6.339327956989248,55417,48141,6718
El Paso,31.7619,-106.485,2,192.11510416666667,280.28263392857144,7.102931547619048,55417,48141,6718
El Paso,31.7619,-106.485,3,248.4977688172043,288.8009946236559,12.002338709677419,55417,48141,6718
El Paso,31.7619,-106.485,4,319.99395833333335,393.4927083333333,17.17163888888889,55417,48141,6718
El Paso,31.7619,-106.485,5,320.15038978494624,322.35934139784945,23.144206989247312,55417,48141,6718
El Paso,31.7619,-106.485,6,331.9176111111111,337.53869444444445,28.064666666666668,55417,48141,6718
El Paso,31.7619,-106.485,7,319.567876344086,325.54682795698926,32.21774193548387,55417,48141,6718
El Paso,31.7619,-106.485,8,287.55325268817205,287.53637096774196,29.649448924731182,55417,48141,6718
El Paso,31.7619,-106.485,9,261.47562500000004,311.0763888888889,27.005555555555556,55417,48141,6718
El Paso,31.7619,-106.485,10,217.7772446236559,311.74317204301076,19.889153225806453,55417,48141,6718
El Paso,31.7619,-106.485,11,157.43356944444443,244.1307361111111,12.582652777777778,55417,48141,6718
El Paso,31.7619,-106.485,12,149.15024193548388,273.59272849462366,7.842083333333334,55417,48141,6718
Fort Bend,29.5266,-95.7744,1,115.59123655913979,157.33010752688173,14.345040322580644,109987,48157,2815
Fort Bend,29.5266,-95.7744,2,138.3623363095238,143.10459821428572,14.871815476190477,109987,48157,2815
Fort Bend,29.5266,-95.7744,3,172.28774193548387,145.39993279569893,19.248548387096776,109987,48157,2815
Fort Bend,29.5266,-95.7744,4,199.50449999999998,155.058375,20.549972222222223,109987,48157,2815
Fort Bend,29.5266,-95.7744,5,228.8659139784946,154.45780913978496,24.745309139784943,109987,48157,2815
Fort Bend,29.5266,-95.7744,6,295.01475,263.56924999999995,29.22890277777778,109987,48157,2815
Fort Bend,29.5266,-95.7744,7,276.5091532258065,254.2605376344086,31.662876344086023,109987,48157,2815
Fort Bend,29.5266,-95.7744,8,290.80756720430105,300.9930376344086,33.11845430107527,109987,48157,2815
Fort Bend,29.5266,-95.7744,9,224.403875,228.14398611111113,30.425791666666665,109987,48157,2815
Fort Bend,29.5266,-95.7744,10,176.28564516129032,201.3162634408602,22.716559139784945,109987,48157,2815
Fort Bend,29.5266,-95.7744,11,121.98243055555557,140.84830555555556,16.480569444444445,109987,48157,2815
Fort Bend,29.5266,-95.7744,12,127.78754032258064,186.89751344086022,13.780524193548386,109987,48157,2815
Galveston,29.3013,-94.7977,1,115.38317204301076,146.05872311827957,14.887432795698924,83913,48167,1554
Galveston,29.3013,-94.7977,2,142.76427083333334,149.49791666666667,15.08733630952381,83913,48167,1554
Galveston,29.3013,-94.7977,3,178.51002688172042,149.64122311827958,19.223104838709677,83913,48167,1554
Galveston,29.3013,-94.7977,4,213.30248611111114,171.9752083333333,20.707055555555556,83913,48167,1554
Galveston,29.3013,-94.7977,5,239.75057795698925,167.44889784946236,24.957110215053763,83913,48167,1554
Galveston,29.3013,-94.7977,6,297.28954166666665,266.26726388888886,28.695333333333334,83913,48167,1554
Galveston,29.3013,-94.7977,7,292.9487634408602,264.31931451612905,30.68752688172043,83913,48167,1554
Galveston,29.3013,-94.7977,8,283.9613306451613,272.1412231182796,32.07224462365591,83913,48167,1554
Galveston,29.3013,-94.7977,9,236.176,238.6555,29.978416666666664,83913,48167,1554
Galveston,29.3013,-94.7977,10,175.51491935483872,192.64227150537636,23.301129032258064,83913,48167,1554
Galveston,29.3013,-94.7977,11,123.67556944444445,135.59508333333335,17.32623611111111,83913,48167,1554
Galveston,29.3013,-94.7977,12,128.2545564516129,165.93229838709678,14.34909946236559,83913,48167,1554
Guadalupe,29.5888,-97.94,1,128.07755376344085,183.5067741935484,12.932110215053763,88111,48187,1850
Guadalupe,29.5888,-97.94,2,155.46928571428572,166.77916666666667,13.352886904761904,88111,48187,1850
Guadalupe,29.5888,-97.94,3,174.1032123655914,136.2262365591398,19.42052419354839,88111,48187,1850
Guadalupe,29.5888,-97.94,4,200.37030555555555,153.81716666666668,20.20359722222222,88111,48187,1850
Guadalupe,29.5888,-97.94,5,226.83590053763442,147.99537634408603,23.72614247311828,88111,48187,1850
Guadalupe,29.5888,-97.94,6,296.64529166666665,274.32269444444444,29.181305555555557,88111,48187,1850
Guadalupe,29.5888,-97.94,7,299.3960752688172,283.1487903225807,32.43461021505376,88111,48187,1850
Guadalupe,29.5888,-97.94,8,295.49862903225807,317.20674731182794,33.07077956989247,88111,48187,1850
Guadalupe,29.5888,-97.94,9,242.171625,243.83118055555556,31.018583333333336,88111,48187,1850
Guadalupe,29.5888,-97.94,10,164.46557795698925,170.78012096774194,22.85467741935484,88111,48187,1850
Guadalupe,29.5888,-97.94,11,119.96293055555556,137.51826388888887,15.55038888888889,88111,48187,1850
Guadalupe,29.5888,-97.94,12,132.60158602150537,204.36080645161292,13.476182795698925,88111,48187,1850
Harris,29.7604,-95.3698,1,115.59123655913979,157.33010752688173,13.253306451612902,70789,48201,4456
Harris,29.7604,-95.3698,2,138.3623363095238,143.10459821428572,14.06877976190476,70789,48201,4456
Harris,29.7604,-95.3698,3,172.28774193548387,145.39993279569893,18.50258064516129,70789,48201,4456
Harris,29.7604,-95.3698,4,199.50449999999998,155.058375,19.761527777777776,70789,48201,4456
Harris,29.7604,-95.3698,5,228.8659139784946,154.45780913978496,24.306653225806453,70789,48201,4456
Harris,29.7604,-95.3698,6,295.01475,263.56924999999995,29.14415277777778,70789,48201,4456
Harris,29.7604,-95.3698,7,276.5091532258065,254.2605376344086,31.98434139784946,70789,48201,4456
Harris,29.7604,-95.3698,8,290.80756720430105,300.9930376344086,33.64827956989247,70789,48201,4456
Harris,29.7604,-95.3698,9,224.403875,228.14398611111113,30.207652777777774,70789,48201,4456
Harris,29.7604,-95.3698,10,176.28564516129032,201.3162634408602,22.116317204301076,70789,48201,4456
Harris,29.7604,-95.3698,11,121.98243055555557,140.84830555555556,15.634902777777777,70789,48201,4456
Harris,29.7604,-95.3698,12,127.78754032258064,186.89751344086022,12.78149193548387,70789,48201,4456
Hays,29.9902,-98.03,1,135.5574059139785,201.10879032258066,11.843588709677418,79990,48209,1751
Hays,29.9902,-98.03,2,159.60086309523808,180.86279761904763,12.170238095238094,79990,48209,1751
Hays,29.9902,-98.03,3,173.51107526881722,139.41612903225808,18.31432795698925,79990,48209,1751
Hays,29.9902,-98.03,4,205.8738611111111,166.71230555555556,19.492819444444443,79990,48209,1751
Hays,29.9902,-98.03,5,222.31418010752688,140.61052419354837,23.210013440860216,79990,48209,1751
Hays,29.9902,-98.03,6,288.9311666666667,263.85394444444444,29.268652777777778,79990,48209,1751
Hays,29.9902,-98.03,7,299.45888440860216,285.0504704301075,32.29829301075269,79990,48209,1751
Hays,29.9902,-98.03,8,291.4134677419355,308.1521774193548,32.89575268817204,79990,48209,1751
Hays,29.9902,-98.03,9,241.367375,247.47144444444444,30.21079166666667,79990,48209,1751
Hays,29.9902,-98.03,10,159.91315860215053,159.87112903225807,22.04561827956989,79990,48209,1751
Hays,29.9902,-98.03,11,123.74026388888889,151.152875,14.636,79990,48209,1751
Hays,29.9902,-98.03,12,128.58989247311828,205.9534139784946,12.479704301075268,79990,48209,1751
Hidalgo,26.3017,-98.1633,1,147.27959677419355,201.6059139784946,18.61768817204301,49371,48215,3902
Hidalgo,26.3017,-98.1633,2,184.48111607142857,201.65684523809523,18.589002976190475,49371,48215,3902
Hidalgo,26.3017,-98.1633,3,188.86379032258066,169.16029569892473,23.31430107526882,49371,48215,3902
Hidalgo,26.3017,-98.1633,4,197.3184722222222,138.42081944444445,24.361625,49371,48215,3902
Hidalgo,26.3017,-98.1633,5,233.68352150537635,164.07684139784945,26.999314516129033,49371,48215,3902
Hidalgo,26.3017,-98.1633,6,316.6507361111111,331.2621388888889,31.55522222222222,49371,48215,3902
Hidalgo,26.3017,-98.1633,7,304.50798387096773,305.10337365591397,31.684919354838712,49371,48215,3902
Hidalgo,26.3017,-98.1633,8,286.8713440860215,297.71255376344084,31.75209677419355,49371,48215,3902
Hidalgo,26.3017,-98.1633,9,265.30854166666666,311.0639722222222,31.33673611111111,49371,48215,3902
Hidalgo,26.3017,-98.1633,10,172.73560483870966,181.2958064516129,25.751344086021504,49371,48215,3902
Hidalgo,26.3017,-98.1633,11,118.06216666666666,121.70805555555556,19.162944444444445,49371,48215,3902
Hidalgo,26.3017,-98.1633,12,125.20004032258065,146.3616129032258,17.63954301075269,49371,48215,3902
Howard,32.3018,-101.4382,1,137.01678763440862,214.46395161290323,8.044704301075269,67243,48227,2336
Howard,32.3018,-101.4382,2,175.01052083333335,249.27244047619047,8.477321428571429,67243,48227,2336
Howard,32.3018,-101.4382,3,227.21165322580646,230.14735215053764,14.311935483870968,67243,48227,2336
Howard,32.3018,-101.4382,4,288.0493055555556,325.9288472222222,18.362069444444444,67243,48227,2336
Howard,32.3018,-101.4382,5,279.777876344086,241.50260752688172,23.464408602150538,67243,48227,2336
Howard,32.3018,-101.4382,6,311.84376388888893,306.1239861111111,28.969666666666665,67243,48227,2336
Howard,32.3018,-101.4382,7,315.52181451612904,326.15904569892473,32.0116129032258,67243,48227,2336
Howard,32.3018,-101.4382,8,291.13813172043007,299.77900537634406,32.71927419354839,67243,48227,2336
Howard,32.3018,-101.4382,9,243.7592638888889,287.90661111111115,28.178541666666664,67243,48227,2336
Howard,32.3018,-101.4382,10,189.80004032258066,259.487123655914,19.229677419354836,67243,48227,2336
Howard,32.3018,-101.4382,11,138.90872222222222,208.78166666666664,12.283972222222221,67243,48227,2336
Howard,32.3018,-101.4382,12,135.6263440860215,253.75075268817204,8.946532258064517,67243,48227,2336
Jefferson,29.8849,-94.1185,1,115.38317204301076,146.05872311827957,13.778239247311829,57294,48245,2344
Jefferson,29.8849,-94.1185,2,142.76427083333334,149.49791666666667,14.51297619047619,57294,48245,2344
Jefferson,29.8849,-94.1185,3,178.51002688172042,149.64122311827958,18.313306451612902,57294,48245,2344
Jefferson,29.8849,-94.1185,4,213.30248611111114,171.9752083333333,19.856944444444444,57294,48245,2344
Jefferson,29.8849,-94.1185,5,239.75057795698925,167.44889784946236,24.603830645161292,57294,48245,2344
Jefferson,29.8849,-94.1185,6,297.28954166666665,266.26726388888886,28.321680555555556,57294,48245,2344
Jefferson,29.8849,-94.1185,7,292.9487634408602,264.31931451612905,30.758655913978494,57294,48245,2344
Jefferson,29.8849,-94.1185,8,283.9613306451613,272.1412231182796,32.71969086021505,57294,48245,2344
Jefferson,29.8849,-94.1185,9,236.176,238.6555,29.51088888888889,57294,48245,2344
Jefferson,29.8849,-94.1185,10,175.51491935483872,192.64227150537636,22.45717741935484,57294,48245,2344
Jefferson,29.8849,-94.1185,11,123.67556944444445,135.59508333333335,16.108597222222222,57294,48245,2344
Jefferson,29.8849,-94.1185,12,128.2545564516129,165.93229838709678,12.670551075268817,57294,48245,2344
Jim Hogg,27.0487,-98.6928,1,138.05423387096775,196.66275537634408,17.255040322580644,42292,48247,2935
Jim Hogg,27.0487,-98.6928,2,172.2291369047619,185.24864583333334,17.927247023809525,42292,48247,2935
Jim Hogg,27.0487,-98.6928,3,187.9117741935484,167.20747311827958,22.98356182795699,42292,48247,2935
Jim Hogg,27.0487,-98.6928,4,200.05191666666667,152.75758333333334,23.88026388888889,42292,48247,2935
Jim Hogg,27.0487,-98.6928,5,234.45799731182797,163.1765053763441,26.8747311827957,42292,48247,2935
Jim Hogg,27.0487,-98.6928,6,315.37925,328.6034305555556,31.85161111111111,42292,48247,2935
Jim Hogg,27.0487,-98.6928,7,299.78514784946236,290.85012096774193,32.15352150537635,42292,48247,2935
Jim Hogg,27.0487,-98.6928,8,291.90830645161293,316.8482392473118,32.07701612903226,42292,48247,2935
Jim Hogg,27.0487,-98.6928,9,264.0008888888889,310.76993055555556,31.05226388888889,42292,48247,2935
Jim Hogg,27.0487,-98.6928,10,163.49130376344087,164.04422043010752,24.96899193548387,42292,48247,2935
Jim Hogg,27.0487,-98.6928,11,121.69988888888889,129.54722222222222,18.25701388888889,42292,48247,2935
Jim Hogg,27.0487,-98.6928,12,127.30462365591397,161.6844623655914,16.484260752688172,42292,48247,2935
Live Oak,28.3517,-98.1158,1,133.92536290322582,194.05568548387095,15.12293010752688,55949,48297,2754
Live Oak,28.3517,-98.1158,2,161.95462797619047,169.90903273809522,15.919017857142856,55949,48297,2754
Live Oak,28.3517,-98.1158,3,178.97913978494626,146.5243817204301,21.524516129032257,55949,48297,2754
Live Oak,28.3517,-98.1158,4,203.96740277777778,150.4497638888889,22.441222222222223,55949,48297,2754
Live Oak,28.3517,-98.1158,5,236.78775537634408,164.57288978494623,25.400067204301077,55949,48297,2754
Live Oak,28.3517,-98.1158,6,309.5137638888889,311.6130277777778,31.21476388888889,55949,48297,2754
Live Oak,28.3517,-98.1158,7,301.2579704301075,287.3571505376344,32.41383064516129,55949,48297,2754
Live Oak,28.3517,-98.1158,8,291.9054301075269,319.90892473118276,32.63895161290323,55949,48297,2754
Live Oak,28.3517,-98.1158,9,257.5712638888889,296.90954166666666,31.41673611111111,55949,48297,2754
Live Oak,28.3517,-98.1158,10,156.2831182795699,144.5907123655914,23.939435483870966,55949,48297,2754
Live Oak,28.3517,-98.1158,11,123.35265277777778,134.80680555555554,17.065291666666667,55949,48297,2754
Live Oak,28.3517,-98.1158,12,127.61212365591398,178.63974462365593,15.05090053763441,55949,48297,2754
Lubbock,33.5779,-101.8552,1,133.13630376344088,208.77443548387095,6.167432795698924,61911,48303,2328
Lubbock,33.5779,-101.8552,2,173.16379464285714,239.66375000000002,7.279092261904762,61911,48303,2328
Lubbock,33.5779,-101.8552,3,228.17353494623654,241.8749059139785,12.143413978494625,61911,48303,2328
Lubbock,33.5779,-101.8552,4,279.5556388888889,313.848125,16.546138888888887,61911,48303,2328
Lubbock,33.5779,-101.8552,5,281.7750134408602,254.81397849462365,21.90456989247312,61911,48303,2328
Lubbock,33.5779,-101.8552,6,305.1516388888889,305.61629166666665,26.716472222222222,61911,48303,2328
Lubbock,33.5779,-101.8552,7,316.57919354838714,332.0977822580645,30.281545698924734,61911,48303,2328
Lubbock,33.5779,-101.8552,8,293.3339112903226,311.99208333333337,30.621881720430107,61911,48303,2328
Lubbock,33.5779,-101.8552,9,242.8798611111111,292.33518055555555,26.143083333333333,61911,48303,2328
Lubbock,33.5779,-101.8552,10,190.40149193548385,272.0052688172043,17.409180107526883,61911,48303,2328
Lubbock,33.5779,-101.8552,11,144.8938611111111,234.02070833333335,10.605236111111111,61911,48303,2328
Lubbock,33.5779,-101.8552,12,132.12725806451613,251.55625,7.168467741935484,61911,48303,2328
Matagorda,28.8027,-95.9738,1,122.57178763440861,152.7140053763441,14.838655913978494,56412,48321,2857
Matagorda,28.8027,-95.9738,2,158.94294642857145,166.65412202380952,15.171934523809526,56412,48321,2857
Matagorda,28.8027,-95.9738,3,179.35833333333335,145.53412634408602,19.855806451612903,56412,48321,2857
Matagorda,28.8027,-95.9738,4,221.66708333333332,182.342875,21.051930555555554,56412,48321,2857
Matagorda,28.8027,-95.9738,5,236.28446236559142,165.53163978494624,24.93837365591398,56412,48321,2857
Matagorda,28.8027,-95.9738,6,306.0347361111111,290.485375,29.141069444444444,56412,48321,2857
Matagorda,28.8027,-95.9738,7,289.1239516129032,257.4689247311828,31.318212365591396,56412,48321,2857
Matagorda,28.8027,-95.9738,8,280.14849462365595,267.72830645161287,32.61284946236559,56412,48321,2857
Matagorda,28.8027,-95.9738,9,240.5955277777778,249.17368055555553,30.623222222222225,56412,48321,2857
Matagorda,28.8027,-95.9738,10,174.13137096774193,192.04228494623655,23.113494623655914,56412,48321,2857
Matagorda,28.8027,-95.9738,11,115.18938888888889,112.74459722222223,16.82513888888889,56412,48321,2857
Matagorda,28.8027,-95.9738,12,124.0421370967742,158.03423387096774,14.56861559139785,56412,48321,2857
Maverick,28.7358,-100.4349,1,156.84608870967742,243.56903225806454,15.229206989247313,48497,48323,3294
Maverick,28.7358,-100.4349,2,188.28849702380953,229.73178571428573,16.009241071428573,48497,48323,3294
Maverick,28.7358,-100.4349,3,196.0058198924731,185.4776612903226,21.280389784946237,48497,48323,3294
Maverick,28.7358,-100.4349,4,226.53293055555554,182.6632361111111,23.725805555555556,48497,48323,3294
Maverick,28.7358,-100.4349,5,229.45325268817206,165.02616935483871,26.02717741935484,48497,48323,3294
Maverick,28.7358,-100.4349,6,306.8404722222222,298.4364166666667,31.484569444444443,48497,48323,3294
Maverick,28.7358,-100.4349,7,303.45701612903224,303.27630376344086,32.97376344086022,48497,48323,3294
Maverick,28.7358,-100.4349,8,294.7982795698925,324.31583333333333,33.268400537634406,48497,48323,3294
Maverick,28.7358,-100.4349,9,260.619125,300.67204166666664,31.675125,48497,48323,3294
Maverick,28.7358,-100.4349,10,156.11733870967743,143.0380510752688,24.15954301075269,48497,48323,3294
Maverick,28.7358,-100.4349,11,129.03019444444445,157.46145833333333,16.636166666666668,48497,48323,3294
Maverick,28.7358,-100.4349,12,134.78860215053763,202.24283602150538,14.258252688172043,48497,48323,3294
McLennan,31.5493,-97.1467,1,126.68310483870967,188.78612903225806,10.931465053763441,59781,48309,2699
McLennan,31.5493,-97.1467,2,152.96197916666665,181.41931547619046,11.301398809523809,59781,48309,2699
McLennan,31.5493,-97.1467,3,184.0861424731183,163.50448924731182,16.87497311827957,59781,48309,2699
McLennan,31.5493,-97.1467,4,208.43312500000002,179.47916666666666,18.767819444444445,59781,48309,2699
McLennan,31.5493,-97.1467,5,233.14825268817202,144.5088440860215,23.179784946236555,59781,48309,2699
McLennan,31.5493,-97.1467,6,282.0344166666667,250.8455277777778,29.169916666666666,59781,48309,2699
McLennan,31.5493,-97.1467,7,299.07447580645163,282.3465188172043,33.12922043010752,59781,48309,2699
McLennan,31.5493,-97.1467,8,293.7194489247312,310.1275268817204,34.5357123655914,59781,48309,2699
McLennan,31.5493,-97.1467,9,228.94466666666668,247.4991527777778,29.672111111111107,59781,48309,2699
McLennan,31.5493,-97.1467,10,171.30103494623657,195.24081989247313,21.407056451612902,59781,48309,2699
McLennan,31.5493,-97.1467,11,126.2743611111111,162.26609722222221,14.089930555555556,59781,48309,2699
McLennan,31.5493,-97.1467,12,131.4249865591398,226.4958870967742,11.048373655913979,59781,48309,2699
Midland,31.9974,-102.0779,1,147.0207392473118,223.13381720430107,8.13268817204301,90123,48329,2334
Midland,31.9974,-102.0779,2,183.8092113095238,251.611875,8.574568452380952,90123,48329,2334
Midland,31.9974,-102.0779,3,234.18251344086022,243.84774193548387,14.553306451612903,90123,48329,2334
Midland,31.9974,-102.0779,4,294.0840138888889,329.4907638888889,18.55275,90123,48329,2334
Midland,31.9974,-102.0779,5,284.92719086021503,242.0063440860215,23.84608870967742,90123,48329,2334
Midland,31.9974,-102.0779,6,320.277375,306.7451527777778,29.668902777777777,90123,48329,2334
Midland,31.9974,-102.0779,7,325.51524193548386,340.5906720430107,32.0252688172043,90123,48329,2334
Midland,31.9974,-102.0779,8,290.43075268817205,303.1683198924731,32.21961021505376,90123,48329,2334
Midland,31.9974,-102.0779,9,249.62275,290.85165277777776,28.327791666666663,90123,48329,2334
Midland,31.9974,-102.0779,10,199.50790322580644,262.22626344086024,19.816922043010752,90123,48329,2334
Midland,31.9974,-102.0779,11,140.73731944444444,209.47620833333332,12.357958333333332,90123,48329,2334
Midland,31.9974,-102.0779,12,145.05881720430108,266.4617607526882,9.084381720430107,90123,48329,2334
Nueces,27.726,-97.3613,1,132.44263440860215,179.40807795698922,17.654959677419356,64027,48355,3385
Nueces,27.726,-97.3613,2,165.55839285714288,177.07635416666668,17.289494047619048,64027,48355,3385
Nueces,27.726,-97.3613,3,177.30612903225807,150.21264784946237,21.967244623655912,64027,48355,3385
Nueces,27.726,-97.3613,4,201.90031944444445,158.76198611111113,23.15009722222222,64027,48355,3385
Nueces,27.726,-97.3613,5,233.45724462365592,160.30375,26.425094086021506,64027,48355,3385
Nueces,27.726,-97.3613,6,300.2253888888889,281.8096111111111,30.172916666666666,64027,48355,3385
Nueces,27.726,-97.3613,7,288.58439516129033,245.21516129032256,30.50370967741935,64027,48355,3385
Nueces,27.726,-97.3613,8,270.11814516129033,247.7959677419355,30.872513440860217,64027,48355,3385
Nueces,27.726,-97.3613,9,257.97083333333336,294.7535972222222,30.531347222222223,64027,48355,3385
Nueces,27.726,-97.3613,10,165.61466397849463,177.43540322580645,24.97271505376344,64027,48355,3385
Nueces,27.726,-97.3613,11,116.29777777777777,122.89423611111111,19.08463888888889,64027,48355,3385
Nueces,27.726,-97.3613,12,125.64677419354838,155.47549731182795,17.362728494623656,64027,48355,3385
Orange,30.0938,-93.736,1,107.04154569892474,146.81770161290322,14.226827956989247,71910,48361,874
Orange,30.0938,-93.736,2,135.94190476190477,143.46872023809524,14.874851190476189,71910,48361,874
Orange,30.0938,-93.736,3,174.02887096774194,145.77712365591398,18.51590053763441,71910,48361,874
Orange,30.0938,-93.736,4,198.95873611111114,146.86130555555556,20.240944444444445,71910,48361,874
Orange,30.0938,-93.736,5,238.78575268817204,166.09375,24.898723118279573,71910,48361,874
Orange,30.0938,-93.736,6,279.47625,231.86133333333333,28.53322222222222,71910,48361,874
Orange,30.0938,-93.736,7,275.914623655914,225.39192204301074,30.343897849462365,71910,48361,874
Orange,30.0938,-93.736,8,279.18809139784946,275.5903629032258,31.93220430107527,71910,48361,874
Orange,30.0938,-93.736,9,219.1875,208.65154166666665,29.311069444444446,71910,48361,874
Orange,30.0938,-93.736,10,173.89443548387098,198.84280913978492,22.81783602150538,71910,48361,874
Orange,30.0938,-93.736,11,122.05351388888889,150.5138611111111,16.492833333333333,71910,48361,874
Orange,30.0938,-93.736,12,128.39474462365592,191.39478494623657,13.123360215053765,71910,48361,874
Pecos,30.7849,-102.7269,1,156.65986559139785,245.4653494623656,10.044112903225805,59325,48371,12234
Pecos,30.7849,-102.7269,2,187.94855654761906,247.52879464285715,10.545223214285715,59325,48371,12234
Pecos,30.7849,-102.7269,3,233.20194892473117,247.29575268817206,16.509959677419353,59325,48371,12234
Pecos,30.7849,-102.7269,4,288.7852916666667,316.9383888888889,19.875208333333333,59325,48371,12234
Pecos,30.7849,-102.7269,5,261.47372311827957,213.2896370967742,24.595510752688174,59325,48371,12234
Pecos,30.7849,-102.7269,6,313.95859722222224,306.7862222222222,30.697444444444443,59325,48371,12234
Pecos,30.7849,-102.7269,7,325.2403629032258,351.7332795698925,31.796236559139786,59325,48371,12234
Pecos,30.7849,-102.7269,8,294.7491532258064,310.9806586021505,31.945967741935483,59325,48371,12234
Pecos,30.7849,-102.7269,9,252.60769444444446,291.3187638888889,28.702055555555553,59325,48371,12234
Pecos,30.7849,-102.7269,10,192.90353494623656,245.29916666666665,20.775067204301074,59325,48371,12234
Pecos,30.7849,-102.7269,11,140.28808333333333,198.40659722222222,13.767583333333333,59325,48371,12234
Pecos,30.7849,-102.7269,12,150.65907258064516,273.6527822580645,10.077029569892474,59325,48371,12234
Potter,35.4007,-101.8313,1,125.00979838709677,201.06745967741935,4.249059139784946,47974,48375,2336
Potter,35.4007,-101.8313,2,167.08458333333334,229.16023809523807,5.974255952380952,47974,48375,2336
Potter,35.4007,-101.8313,3,221.2190994623656,249.13487903225808,9.728427419354839,47974,48375,2336
Potter,35.4007,-101.8313,4,273.88380555555557,307.644875,15.280888888888889,47974,48375,2336
Potter,35.4007,-101.8313,5,277.1259811827957,260.45827956989245,20.25380376344086,47974,48375,2336
Potter,35.4007,-101.8313,6,294.26340277777774,284.48270833333333,23.848458333333333,47974,48375,2336
Potter,35.4007,-101.8313,7,310.5926075268817,320.4161021505376,28.919583333333332,47974,48375,2336
Potter,35.4007,-101.8313,8,284.60995967741934,308.64462365591396,29.325349462365594,47974,48375,2336
Potter,35.4007,-101.8313,9,230.9166388888889,277.7495,25.057000000000002,47974,48375,2336
Potter,35.4007,-101.8313,10,192.0882930107527,297.31225806451613,16.584879032258065,47974,48375,2336
Potter,35.4007,-101.8313,11,142.65963888888888,254.15745833333332,9.381916666666665,47974,48375,2336
Potter,35.4007,-101.8313,12,114.90248655913977,205.89069892473117,5.319112903225807,47974,48375,2336
Randall,34.9657,-101.8952,1,134.70970430107528,209.09997311827956,4.441155913978494,78038,48381,2362
Randall,34.9657,-101.8952,2,172.6215625,245.5544642857143,5.953809523809523,78038,48381,2362
Randall,34.9657,-101.8952,3,227.39720430107525,247.77385752688173,10.098736559139786,78038,48381,2362
Randall,34.9657,-101.8952,4,273.7395833333333,305.20641666666666,15.05909722222222,78038,48381,2362
Randall,34.9657,-101.8952,5,282.9102822580645,261.4204569892473,20.094569892473118,78038,48381,2362
Randall,34.9657,-101.8952,6,297.15573611111114,288.6871805555555,23.849319444444443,78038,48381,2362
Randall,34.9657,-101.8952,7,317.0764112903226,327.3663978494624,28.5566935483871,78038,48381,2362
Randall,34.9657,-101.8952,8,291.0142204301075,309.2889112903226,29.055913978494623,78038,48381,2362
Randall,34.9657,-101.8952,9,236.34744444444445,278.23230555555557,24.768361111111112,78038,48381,2362
Randall,34.9657,-101.8952,10,193.76877688172044,284.98333333333335,16.549637096774195,78038,48381,2362
Randall,34.9657,-101.8952,11,146.43677777777776,250.19802777777775,9.518694444444444,78038,48381,2362
Randall,34.9657,-101.8952,12,123.45310483870968,227.22717741935483,5.534153225806452,78038,48381,2362
Smith,32.3513,-95.3011,1,113.73495967741935,176.2797311827957,9.71241935483871,69053,48423,2351
Smith,32.3513,-95.3011,2,138.2547619047619,156.0063988095238,10.699523809523809,69053,48423,2351
Smith,32.3513,-95.3011,3,176.75201612903226,167.95075268817203,15.226478494623656,69053,48423,2351
Smith,32.3513,-95.3011,4,209.04869444444444,174.35345833333335,17.035402777777776,69053,48423,2351
Smith,32.3513,-95.3011,5,237.8306182795699,156.48512096774192,22.734583333333333,69053,48423,2351
Smith,32.3513,-95.3011,6,268.3996111111111,226.99809722222224,27.781958333333332,69053,48423,2351
Smith,32.3513,-95.3011,7,281.3068548387097,253.19897849462367,30.67825268817204,69053,48423,2351
Smith,32.3513,-95.3011,8,290.19290322580645,310.10099462365594,34.120819892473115,69053,48423,2351
Smith,32.3513,-95.3011,9,219.66768055555556,223.3173611111111,28.433319444444447,69053,48423,2351
Smith,32.3513,-95.3011,10,161.94247311827957,183.6430241935484,20.124610215053764,69053,48423,2351
Smith,32.3513,-95.3011,11,125.36781944444445,172.29566666666668,12.726458333333332,69053,48423,2351
Smith,32.3513,-95.3011,12,118.67395161290322,191.8353494623656,9.457849462365592,69053,48423,2351
Starr,26.5566,-98.753,1,147.27959677419355,201.6059139784946,18.070967741935483,35979,48427,3178
Starr,26.5566,-98.753,2,184.48111607142857,201.65684523809523,18.576636904761905,35979,48427,3178
Starr,26.5566,-98.753,3,188.86379032258066,169.16029569892473,23.497163978494623,35979,48427,3178
Starr,26.5566,-98.753,4,197.3184722222222,138.42081944444445,24.41786111111111,35979,48427,3178
Starr,26.5566,-98.753,5,233.68352150537635,164.07684139784945,27.21875,35979,48427,3178
Starr,26.5566,-98.753,6,316.6507361111111,331.2621388888889,32.00051388888889,35979,48427,3178
Starr,26.5566,-98.753,7,304.50798387096773,305.10337365591397,32.196801075268816,35979,48427,3178
Starr,26.5566,-98.753,8,286.8713440860215,297.71255376344084,32.300456989247316,35979,48427,3178
Starr,26.5566,-98.753,9,265.30854166666666,311.0639722222222,31.785847222222223,35979,48427,3178
Starr,26.5566,-98.753,10,172.73560483870966,181.2958064516129,25.737822580645158,35979,48427,3178
Starr,26.5566,-98.753,11,118.06216666666666,121.70805555555556,18.86248611111111,35979,48427,3178
Starr,26.5566,-98.753,12,125.20004032258065,146.3616129032258,17.105712365591398,35979,48427,3178
Tarrant,32.7555,-97.3308,1,123.85497311827957,187.7039247311828,8.722849462365591,78872,48439,2272
Tarrant,32.7555,-97.3308,2,147.58016369047618,185.0608630952381,8.91342261904762,78872,48439,2272
Tarrant,32.7555,-97.3308,3,183.81119623655914,179.96504032258062,14.219032258064514,78872,48439,2272
Tarrant,32.7555,-97.3308,4,221.1268611111111,194.60763888888889,17.62926388888889,78872,48439,2272
Tarrant,32.7555,-97.3308,5,246.93137096774194,165.6299193548387,23.033252688172045,78872,48439,2272
Tarrant,32.7555,-97.3308,6,279.65575,242.5207361111111,29.445569444444445,78872,48439,2272
Tarrant,32.7555,-97.3308,7,290.6044623655914,274.52131720430106,33.163225806451614,78872,48439,2272
Tarrant,32.7555,-97.3308,8,289.49928763440863,306.02735215053764,34.93525537634409,78872,48439,2272
Tarrant,32.7555,-97.3308,9,225.4802638888889,242.50302777777776,28.96761111111111,78872,48439,2272
Tarrant,32.7555,-97.3308,10,173.52174731182797,216.409811827957,20.158602150537636,78872,48439,2272
Tarrant,32.7555,-97.3308,11,132.13715277777777,196.62343055555556,12.545680555555554,78872,48439,2272
Tarrant,32.7555,-97.3308,12,123.17239247311828,213.72763440860214,9.33616935483871,78872,48439,2272
Taylor,32.3323,-99.7384,1,132.26809139784947,204.61807795698925,8.535672043010752,61806,48441,2340
Taylor,32.3323,-99.7384,2,160.72614583333333,215.90053571428572,8.51361607142857,61806,48441,2340
Taylor,32.3323,-99.7384,3,201.41602150537634,208.1922446236559,14.345510752688172,61806,48441,2340
Taylor,32.3323,-99.7384,4,262.3411666666667,269.19558333333333,18.061083333333332,61806,48441,2340
Taylor,32.3323,-99.7384,5,263.2571102150538,204.58237903225807,22.967916666666667,61806,48441,2340
Taylor,32.3323,-99.7384,6,289.7640138888889,269.7385277777778,28.695555555555554,61806,48441,2340
Taylor,32.3323,-99.7384,7,304.8927688172043,308.5631182795699,31.43016129032258,61806,48441,2340
Taylor,32.3323,-99.7384,8,290.42185483870963,309.3588440860215,32.90221774193548,61806,48441,2340
Taylor,32.3323,-99.7384,9,234.3748611111111,273.3153888888889,28.086166666666667,61806,48441,2340
Taylor,32.3323,-99.7384,10,181.63801075268816,244.8924193548387,19.412862903225808,61806,48441,2340
Taylor,32.3323,-99.7384,11,136.2422361111111,208.03780555555556,12.703319444444444,61806,48441,2340
Taylor,32.3323,-99.7384,12,133.62600806451613,247.05083333333334,9.418669354838709,61806,48441,2340
Tom Green,31.4038,-100.437,1,143.5583064516129,227.08520161290323,9.129354838709677,67215,48451,3876
Tom Green,31.4038,-100.437,2,170.00311011904762,221.88077380952382,9.269270833333334,67215,48451,3876
Tom Green,31.4038,-100.437,3,210.56623655913978,210.04924731182797,15.787970430107526,67215,48451,3876
Tom Green,31.4038,-100.437,4,270.60062500000004,279.37431944444444,19.350041666666666,67215,48451,3876
Tom Green,31.4038,-100.437,5,264.0439112903226,201.65833333333333,23.530927419354835,67215,48451,3876
Tom Green,31.4038,-100.437,6,305.55681944444444,291.1405833333333,29.825833333333332,67215,48451,3876
Tom Green,31.4038,-100.437,7,314.565376344086,325.7112231182796,31.51153225806452,67215,48451,3876
Tom Green,31.4038,-100.437,8,293.01154569892475,308.5844086021505,32.536814516129034,67215,48451,3876
Tom Green,31.4038,-100.437,9,237.48702777777777,267.1175694444444,27.83075,67215,48451,3876
Tom Green,31.4038,-100.437,10,183.1694623655914,224.1668548387097,20.26840053763441,67215,48451,3876
Tom Green,31.4038,-100.437,11,132.16075,187.3841111111111,12.87026388888889,67215,48451,3876
Tom Green,31.4038,-100.437,12,136.1097177419355,253.16638440860217,9.957674731182795,67215,48451,3876
Travis,30.2672,-97.7431,1,129.7828629032258,190.67459677419353,11.949193548387099,92731,48453,2529
Travis,30.2672,-97.7431,2,157.0040029761905,172.79498511904762,12.381636904761903,92731,48453,2529
Travis,30.2672,-97.7431,3,180.75661290322583,153.80556451612904,18.307567204301076,92731,48453,2529
Travis,30.2672,-97.7431,4,199.2587777777778,164.27118055555556,19.645847222222223,92731,48453,2529
Travis,30.2672,-97.7431,5,229.89823924731184,143.90040322580646,23.819771505376345,92731,48453,2529
Travis,30.2672,-97.7431,6,291.6287916666667,260.60925000000003,29.96525,92731,48453,2529
Travis,30.2672,-97.7431,7,303.193561827957,286.0324059139785,33.00947580645161,92731,48453,2529
Travis,30.2672,-97.7431,8,293.5022580645161,304.4468817204301,33.92732526881721,92731,48453,2529
Travis,30.2672,-97.7431,9,234.65093055555556,245.04322222222223,30.26701388888889,92731,48453,2529
Travis,30.2672,-97.7431,10,169.25102150537634,184.3840188172043,22.20024193548387,92731,48453,2529
Travis,30.2672,-97.7431,11,120.2143611111111,147.358875,14.768430555555556,92731,48453,2529
Travis,30.2672,-97.7431,12,134.15837365591398,224.23193548387096,12.226774193548387,92731,48453,2529
Val Verde,29.3584,-100.9037,1,149.44194892473118,225.20934139784947,13.174704301075268,57250,48465,8016
Val Verde,29.3584,-100.9037,2,174.75436011904762,223.52409226190477,13.956279761904764,57250,48465,8016
Val Verde,29.3584,-100.9037,3,184.03911290322583,179.099811827957,19.499825268817204,57250,48465,8016
Val Verde,29.3584,-100.9037,4,229.6575277777778,192.36054166666665,22.39961111111111,57250,48465,8016
Val Verde,29.3584,-100.9037,5,225.9639247311828,155.10478494623658,25.030537634408603,57250,48465,8016
Val Verde,29.3584,-100.9037,6,295.47741666666667,275.03425,31.370749999999997,57250,48465,8016
Val Verde,29.3584,-100.9037,7,303.98137096774195,302.39706989247316,31.9969623655914,57250,48465,8016
Val Verde,29.3584,-100.9037,8,291.0063037634409,318.3036155913979,32.684717741935486,57250,48465,8016
Val Verde,29.3584,-100.9037,9,250.45441666666665,283.31108333333333,30.564083333333333,57250,48465,8016
Val Verde,29.3584,-100.9037,10,159.20922043010754,151.97184139784946,23.23665322580645,57250,48465,8016
Val Verde,29.3584,-100.9037,11,126.37166666666667,154.5913888888889,15.194819444444445,57250,48465,8016
Val Verde,29.3584,-100.9037,12,132.71934139784946,220.91014784946236,12.840994623655915,57250,48465,8016
Victoria,28.8053,-97.0036,1,124.39514784946238,166.72819892473117,14.63505376344086,66308,48469,2257
Victoria,28.8053,-97.0036,2,151.43979166666665,149.46388392857142,15.088571428571429,66308,48469,2257
Victoria,28.8053,-97.0036,3,169.80577956989248,133.14086021505378,20.177190860215052,66308,48469,2257
Victoria,28.8053,-97.0036,4,199.8180972222222,150.6927638888889,21.114625,66308,48469,2257
Victoria,28.8053,-97.0036,5,227.1942741935484,154.1651075268817,24.68588709677419,66308,48469,2257
Victoria,28.8053,-97.0036,6,310.0967638888889,316.0410833333333,29.469430555555558,66308,48469,2257
Victoria,28.8053,-97.0036,7,298.45685483870966,275.468938172043,31.818521505376342,66308,48469,2257
Victoria,28.8053,-97.0036,8,288.81423387096777,311.1535215053763,32.93818548387097,66308,48469,2257
Victoria,28.8053,-97.0036,9,250.64894444444442,279.49186111111106,31.06797222222222,66308,48469,2257
Victoria,28.8053,-97.0036,10,162.87479838709677,162.6602688172043,23.32383064516129,66308,48469,2257
Victoria,28.8053,-97.0036,11,116.91079166666667,122.25655555555555,16.709847222222223,66308,48469,2257
Victoria,28.8053,-97.0036,12,131.36861559139786,181.8084946236559,14.547647849462367,66308,48469,2257
Webb,27.7522,-99.4803,1,146.4451075268817,213.56423387096774,15.931155913978495,59984,48479,8697
Webb,27.7522,-99.4803,2,185.3064880952381,207.49787202380952,17.237574404761904,59984,48479,8697
Webb,27.7522,-99.4803,3,197.42311827956988,187.49971774193548,22.43587365591398,59984,48479,8697
Webb,27.7522,-99.4803,4,201.57676388888888,147.38944444444445,23.626166666666666,59984,48479,8697
Webb,27.7522,-99.4803,5,235.6027688172043,169.14909946236557,26.6615188172043,59984,48479,8697
Webb,27.7522,-99.4803,6,313.75043055555557,328.0986111111111,33.038333333333334,59984,48479,8697
Webb,27.7522,-99.4803,7,306.3059543010753,303.10672043010754,33.75317204301076,59984,48479,8697
Webb,27.7522,-99.4803,8,292.3297177419355,320.1007930107527,33.40677419354839,59984,48479,8697
Webb,27.7522,-99.4803,9,266.42875000000004,317.0051388888889,31.571875,59984,48479,8697
Webb,27.7522,-99.4803,10,162.55416666666667,167.0999059139785,24.73883064516129,59984,48479,8697
Webb,27.7522,-99.4803,11,124.08279166666667,134.13413888888888,17.861874999999998,59984,48479,8697
Webb,27.7522,-99.4803,12,129.90149193548388,168.84350806451613,15.560658602150536,59984,48479,8697
Wharton,29.3113,-96.1002,1,118.00581989247313,160.69494623655913,13.77869623655914,59712,48481,2796
Wharton,29.3113,-96.1002,2,147.06577380952382,147.75870535714287,14.364806547619047,59712,48481,2796
Wharton,29.3113,-96.1002,3,169.70467741935482,135.69014784946236,19.220147849462368,59712,48481,2796
Wharton,29.3113,-96.1002,4,201.20054166666668,153.14158333333333,20.342694444444444,59712,48481,2796
Wharton,29.3113,-96.1002,5,227.61498655913977,140.6375672043011,24.356397849462365,59712,48481,2796
Wharton,29.3113,-96.1002,6,300.8707083333333,279.94870833333334,29.221930555555556,59712,48481,2796
Wharton,29.3113,-96.1002,7,293.6289247311828,266.21047043010753,32.17625,59712,48481,2796
Wharton,29.3113,-96.1002,8,294.32513440860214,311.0998924731183,33.38274193548387,59712,48481,2796
Wharton,29.3113,-96.1002,9,237.99252777777778,236.85329166666665,30.60148611111111,59712,48481,2796
Wharton,29.3113,-96.1002,10,171.1286693548387,182.16780913978496,22.517956989247313,59712,48481,2796
Wharton,29.3113,-96.1002,11,118.20216666666667,125.54395833333332,16.150944444444445,59712,48481,2796
Wharton,29.3113,-96.1002,12,130.2277822580645,194.70084677419354,13.672459677419354,59712,48481,2796
Williamson,30.6488,-97.6011,1,129.7828629032258,190.67459677419353,11.949193548387099,102851,48491,2945
Williamson,30.6488,-97.6011,2,157.0040029761905,172.79498511904762,12.381636904761903,102851,48491,2945
Williamson,30.6488,-97.6011,3,180.75661290322583,153.80556451612904,18.307567204301076,102851,48491,2945
Williamson,30.6488,-97.6011,4,199.2587777777778,164.27118055555556,19.645847222222223,102851,48491,2945
Williamson,30.6488,-97.6011,5,229.89823924731184,143.90040322580646,23.819771505376345,102851,48491,2945
Williamson,30.6488,-97.6011,6,291.6287916666667,260.60925000000003,29.96525,102851,48491,2945
Williamson,30.6488,-97.6011,7,303.193561827957,286.0324059139785,33.00947580645161,102851,48491,2945
Williamson,30.6488,-97.6011,8,293.5022580645161,304.4468817204301,33.92732526881721,102851,48491,2945
Williamson,30.6488,-97.6011,9,234.65093055555556,245.04322222222223,30.26701388888889,102851,48491,2945
Williamson,30.6488,-97.6011,10,169.25102150537634,184.3840188172043,22.20024193548387,102851,48491,2945
Williamson,30.6488,-97.6011,11,120.2143611111111,147.358875,14.768430555555556,102851,48491,2945
Williamson,30.6488,-97.6011,12,134.15837365591398,224.23193548387096,12.226774193548387,102851,48491,2945
Zavala,28.8678,-99.7599,1,143.2484811827957,213.10373655913978,14.641814516129033,49243,48507,3361
Zavala,28.8678,-99.7599,2,172.55105654761905,191.15581845238097,15.422485119047618,49243,48507,3361
Zavala,28.8678,-99.7599,3,187.09473118279573,166.0386559139785,21.092258064516127,49243,48507,3361
Zavala,28.8678,-99.7599,4,206.8524027777778,151.80631944444445,23.496236111111113,49243,48507,3361
Zavala,28.8678,-99.7599,5,234.56043010752688,157.50541666666666,25.643655913978495,49243,48507,3361
Zavala,28.8678,-99.7599,6,310.84218055555556,310.5369583333333,32.09140277777778,49243,48507,3361
Zavala,28.8678,-99.7599,7,303.2742607526882,294.42922043010753,33.20146505376344,49243,48507,3361
Zavala,28.8678,-99.7599,8,292.8199865591398,325.7925537634409,33.42947580645161,49243,48507,3361
Zavala,28.8678,-99.7599,9,262.65334722222224,311.4968888888889,31.863680555555554,49243,48507,3361
Zavala,28.8678,-99.7599,10,154.57895161290324,139.91344086021508,23.89350806451613,49243,48507,3361
Zavala,28.8678,-99.7599,11,124.9755,145.99293055555557,16.345333333333333,49243,48507,3361
Zavala,28.8678,-99.7599,12,127.12752688172044,178.69913978494625,14.03608870967742,49243,48507,3361
